{
	"INFO": {
		"DATASET_NAME": "[BBOX] 양봉_생애이슈(백묵병)",
		"DATASET_DETAIL": "Bounding Box",
		"VERSION": "1.0",
		"LICENSE": "",
		"CREATE_DATE_TIME": "2022-11-16 14:16:09",
		"URL": "https://www.labelon.kr"
	},
	"IMAGE": {
		"IMAGE_URL": "https://images.labelon.kr/2022/11/10/b4c6a2e94393449d8e633b5b6e458563.jpg",
		"IMAGE_FILE_NAME": "06_1_R_AA_NA_20221103_01_0609.jpg",
		"WIDTH": 1920,
		"HEIGHT": 1080
	},
	"ANNOTATION_INFO": [
		{
			"ID": 123755001,
			"SPECIES": "NA",
			"LIFECYCLE": "LA",
			"DISEASES": 1,
			"TYPE": "Bounding Box",
			"XTL": 1461,
			"YTL": 347,
			"XBR": 1566,
			"YBR": 448,
			"CROWDSOURSING_OPERATION_ALTERNATIVE": "Y"
		},
		{
			"ID": 123755002,
			"SPECIES": "NA",
			"LIFECYCLE": "LA",
			"DISEASES": 1,
			"TYPE": "Bounding Box",
			"XTL": 1652,
			"YTL": 28,
			"XBR": 1766,
			"YBR": 143,
			"CROWDSOURSING_OPERATION_ALTERNATIVE": "Y"
		},
		{
			"ID": 123755003,
			"SPECIES": "NA",
			"LIFECYCLE": "LA",
			"DISEASES": 1,
			"TYPE": "Bounding Box",
			"XTL": 1101,
			"YTL": 540,
			"XBR": 1206,
			"YBR": 643,
			"CROWDSOURSING_OPERATION_ALTERNATIVE": "Y"
		},
		{
			"ID": 123755004,
			"SPECIES": "NA",
			"LIFECYCLE": "LA",
			"DISEASES": 1,
			"TYPE": "Bounding Box",
			"XTL": 805,
			"YTL": 846,
			"XBR": 896,
			"YBR": 952,
			"CROWDSOURSING_OPERATION_ALTERNATIVE": "Y"
		},
		{
			"ID": 123755005,
			"SPECIES": "NA",
			"LIFECYCLE": "LA",
			"DISEASES": 1,
			"TYPE": "Bounding Box",
			"XTL": 580,
			"YTL": 845,
			"XBR": 656,
			"YBR": 935,
			"CROWDSOURSING_OPERATION_ALTERNATIVE": "Y"
		},
		{
			"ID": 123755006,
			"SPECIES": "NA",
			"LIFECYCLE": "LA",
			"DISEASES": 1,
			"TYPE": "Bounding Box",
			"XTL": 495,
			"YTL": 732,
			"XBR": 606,
			"YBR": 835,
			"CROWDSOURSING_OPERATION_ALTERNATIVE": "Y"
		},
		{
			"ID": 123755007,
			"SPECIES": "NA",
			"LIFECYCLE": "LA",
			"DISEASES": 1,
			"TYPE": "Bounding Box",
			"XTL": 372,
			"YTL": 330,
			"XBR": 468,
			"YBR": 425,
			"CROWDSOURSING_OPERATION_ALTERNATIVE": "Y"
		},
		{
			"ID": 123755008,
			"SPECIES": "NA",
			"LIFECYCLE": "LA",
			"DISEASES": 1,
			"TYPE": "Bounding Box",
			"XTL": 86,
			"YTL": 41,
			"XBR": 168,
			"YBR": 123,
			"CROWDSOURSING_OPERATION_ALTERNATIVE": "Y"
		},
		{
			"ID": 123755009,
			"SPECIES": "NA",
			"LIFECYCLE": "LA",
			"DISEASES": 1,
			"TYPE": "Bounding Box",
			"XTL": 916,
			"YTL": 418,
			"XBR": 1036,
			"YBR": 509,
			"CROWDSOURSING_OPERATION_ALTERNATIVE": "Y"
		},
		{
			"ID": 123755010,
			"SPECIES": "NA",
			"LIFECYCLE": "LA",
			"DISEASES": 1,
			"TYPE": "Bounding Box",
			"XTL": 697,
			"YTL": 469,
			"XBR": 788,
			"YBR": 532,
			"CROWDSOURSING_OPERATION_ALTERNATIVE": "Y"
		}
	]
}