{
	"INFO": {
		"DATASET_NAME": "[BBOX] 양봉_생애이슈(백묵병)",
		"DATASET_DETAIL": "Bounding Box",
		"VERSION": "1.0",
		"LICENSE": "",
		"CREATE_DATE_TIME": "2022-11-16 14:16:04",
		"URL": "https://www.labelon.kr"
	},
	"IMAGE": {
		"IMAGE_URL": "https://images.labelon.kr/2022/11/10/002e22b962fe45efbdf68cfa4476c49b.jpg",
		"IMAGE_FILE_NAME": "06_1_R_AA_NA_20221031_03_0931.jpg",
		"WIDTH": 1920,
		"HEIGHT": 1080
	},
	"ANNOTATION_INFO": [
		{
			"ID": 123632349,
			"SPECIES": "NA",
			"LIFECYCLE": "LA",
			"DISEASES": 1,
			"TYPE": "Bounding Box",
			"XTL": 304,
			"YTL": 193,
			"XBR": 398,
			"YBR": 289,
			"CROWDSOURSING_OPERATION_ALTERNATIVE": "Y"
		},
		{
			"ID": 123632350,
			"SPECIES": "NA",
			"LIFECYCLE": "LA",
			"DISEASES": 1,
			"TYPE": "Bounding Box",
			"XTL": 257,
			"YTL": 692,
			"XBR": 338,
			"YBR": 774,
			"CROWDSOURSING_OPERATION_ALTERNATIVE": "Y"
		},
		{
			"ID": 123632351,
			"SPECIES": "NA",
			"LIFECYCLE": "LA",
			"DISEASES": 1,
			"TYPE": "Bounding Box",
			"XTL": 821,
			"YTL": 104,
			"XBR": 910,
			"YBR": 177,
			"CROWDSOURSING_OPERATION_ALTERNATIVE": "Y"
		},
		{
			"ID": 123632352,
			"SPECIES": "NA",
			"LIFECYCLE": "LA",
			"DISEASES": 1,
			"TYPE": "Bounding Box",
			"XTL": 579,
			"YTL": 278,
			"XBR": 667,
			"YBR": 370,
			"CROWDSOURSING_OPERATION_ALTERNATIVE": "Y"
		},
		{
			"ID": 123632353,
			"SPECIES": "NA",
			"LIFECYCLE": "LA",
			"DISEASES": 1,
			"TYPE": "Bounding Box",
			"XTL": 1204,
			"YTL": 171,
			"XBR": 1304,
			"YBR": 259,
			"CROWDSOURSING_OPERATION_ALTERNATIVE": "Y"
		},
		{
			"ID": 123632354,
			"SPECIES": "NA",
			"LIFECYCLE": "LA",
			"DISEASES": 1,
			"TYPE": "Bounding Box",
			"XTL": 1211,
			"YTL": 553,
			"XBR": 1299,
			"YBR": 655,
			"CROWDSOURSING_OPERATION_ALTERNATIVE": "Y"
		},
		{
			"ID": 123632355,
			"SPECIES": "NA",
			"LIFECYCLE": "LA",
			"DISEASES": 1,
			"TYPE": "Bounding Box",
			"XTL": 777,
			"YTL": 605,
			"XBR": 843,
			"YBR": 664,
			"CROWDSOURSING_OPERATION_ALTERNATIVE": "Y"
		},
		{
			"ID": 123632356,
			"SPECIES": "NA",
			"LIFECYCLE": "LA",
			"DISEASES": 1,
			"TYPE": "Bounding Box",
			"XTL": 528,
			"YTL": 580,
			"XBR": 631,
			"YBR": 667,
			"CROWDSOURSING_OPERATION_ALTERNATIVE": "Y"
		},
		{
			"ID": 123632357,
			"SPECIES": "NA",
			"LIFECYCLE": "LA",
			"DISEASES": 1,
			"TYPE": "Bounding Box",
			"XTL": 250,
			"YTL": 858,
			"XBR": 352,
			"YBR": 957,
			"CROWDSOURSING_OPERATION_ALTERNATIVE": "Y"
		},
		{
			"ID": 123632358,
			"SPECIES": "NA",
			"LIFECYCLE": "LA",
			"DISEASES": 1,
			"TYPE": "Bounding Box",
			"XTL": 142,
			"YTL": 498,
			"XBR": 234,
			"YBR": 590,
			"CROWDSOURSING_OPERATION_ALTERNATIVE": "Y"
		}
	]
}