{
	"INFO": {
		"DATASET_NAME": "[BBOX] 양봉_생애이슈(백묵병)",
		"DATASET_DETAIL": "Bounding Box",
		"VERSION": "1.0",
		"LICENSE": "",
		"CREATE_DATE_TIME": "2022-11-16 14:16:06",
		"URL": "https://www.labelon.kr"
	},
	"IMAGE": {
		"IMAGE_URL": "https://images.labelon.kr/2022/11/10/8d0899f6c6bc40d6a6fa13588fbe512c.jpg",
		"IMAGE_FILE_NAME": "06_1_R_AA_NA_20221102_01_0079.jpg",
		"WIDTH": 1920,
		"HEIGHT": 1080
	},
	"ANNOTATION_INFO": [
		{
			"ID": 123666678,
			"SPECIES": "NA",
			"LIFECYCLE": "LA",
			"DISEASES": 1,
			"TYPE": "Bounding Box",
			"XTL": 670,
			"YTL": 182,
			"XBR": 745,
			"YBR": 297,
			"CROWDSOURSING_OPERATION_ALTERNATIVE": "Y"
		},
		{
			"ID": 123666679,
			"SPECIES": "NA",
			"LIFECYCLE": "LA",
			"DISEASES": 1,
			"TYPE": "Bounding Box",
			"XTL": 785,
			"YTL": 132,
			"XBR": 898,
			"YBR": 214,
			"CROWDSOURSING_OPERATION_ALTERNATIVE": "Y"
		},
		{
			"ID": 123666680,
			"SPECIES": "NA",
			"LIFECYCLE": "LA",
			"DISEASES": 1,
			"TYPE": "Bounding Box",
			"XTL": 655,
			"YTL": 486,
			"XBR": 752,
			"YBR": 588,
			"CROWDSOURSING_OPERATION_ALTERNATIVE": "Y"
		},
		{
			"ID": 123666681,
			"SPECIES": "NA",
			"LIFECYCLE": "LA",
			"DISEASES": 1,
			"TYPE": "Bounding Box",
			"XTL": 931,
			"YTL": 741,
			"XBR": 1029,
			"YBR": 871,
			"CROWDSOURSING_OPERATION_ALTERNATIVE": "Y"
		},
		{
			"ID": 123666682,
			"SPECIES": "NA",
			"LIFECYCLE": "LA",
			"DISEASES": 1,
			"TYPE": "Bounding Box",
			"XTL": 1657,
			"YTL": 23,
			"XBR": 1767,
			"YBR": 142,
			"CROWDSOURSING_OPERATION_ALTERNATIVE": "Y"
		},
		{
			"ID": 123666683,
			"SPECIES": "NA",
			"LIFECYCLE": "LA",
			"DISEASES": 1,
			"TYPE": "Bounding Box",
			"XTL": 1139,
			"YTL": 158,
			"XBR": 1282,
			"YBR": 294,
			"CROWDSOURSING_OPERATION_ALTERNATIVE": "Y"
		},
		{
			"ID": 123666684,
			"SPECIES": "NA",
			"LIFECYCLE": "LA",
			"DISEASES": 1,
			"TYPE": "Bounding Box",
			"XTL": 1159,
			"YTL": 450,
			"XBR": 1277,
			"YBR": 587,
			"CROWDSOURSING_OPERATION_ALTERNATIVE": "Y"
		},
		{
			"ID": 123666685,
			"SPECIES": "NA",
			"LIFECYCLE": "LA",
			"DISEASES": 1,
			"TYPE": "Bounding Box",
			"XTL": 1283,
			"YTL": 811,
			"XBR": 1401,
			"YBR": 936,
			"CROWDSOURSING_OPERATION_ALTERNATIVE": "Y"
		},
		{
			"ID": 123666686,
			"SPECIES": "NA",
			"LIFECYCLE": "LA",
			"DISEASES": 1,
			"TYPE": "Bounding Box",
			"XTL": 680,
			"YTL": 934,
			"XBR": 786,
			"YBR": 1011,
			"CROWDSOURSING_OPERATION_ALTERNATIVE": "Y"
		},
		{
			"ID": 123666687,
			"SPECIES": "NA",
			"LIFECYCLE": "LA",
			"DISEASES": 1,
			"TYPE": "Bounding Box",
			"XTL": 1786,
			"YTL": 662,
			"XBR": 1902,
			"YBR": 777,
			"CROWDSOURSING_OPERATION_ALTERNATIVE": "Y"
		}
	]
}