{
	"INFO": {
		"DATASET_NAME": "[BBOX] 양봉_생애이슈(백묵병)",
		"DATASET_DETAIL": "Bounding Box",
		"VERSION": "1.0",
		"LICENSE": "",
		"CREATE_DATE_TIME": "2022-11-16 14:16:03",
		"URL": "https://www.labelon.kr"
	},
	"IMAGE": {
		"IMAGE_URL": "https://images.labelon.kr/2022/11/10/fa7be997d5d54180988a5a0e074e5083.jpg",
		"IMAGE_FILE_NAME": "06_1_R_AA_NA_20221031_02_0556.jpg",
		"WIDTH": 1920,
		"HEIGHT": 1080
	},
	"ANNOTATION_INFO": [
		{
			"ID": 123519895,
			"SPECIES": "NA",
			"LIFECYCLE": "LA",
			"DISEASES": 1,
			"TYPE": "Bounding Box",
			"XTL": 933,
			"YTL": 35,
			"XBR": 1040,
			"YBR": 138,
			"CROWDSOURSING_OPERATION_ALTERNATIVE": "Y"
		},
		{
			"ID": 123519896,
			"SPECIES": "NA",
			"LIFECYCLE": "LA",
			"DISEASES": 1,
			"TYPE": "Bounding Box",
			"XTL": 1097,
			"YTL": 115,
			"XBR": 1196,
			"YBR": 212,
			"CROWDSOURSING_OPERATION_ALTERNATIVE": "Y"
		},
		{
			"ID": 123519897,
			"SPECIES": "NA",
			"LIFECYCLE": "LA",
			"DISEASES": 1,
			"TYPE": "Bounding Box",
			"XTL": 980,
			"YTL": 305,
			"XBR": 1073,
			"YBR": 410,
			"CROWDSOURSING_OPERATION_ALTERNATIVE": "Y"
		},
		{
			"ID": 123519898,
			"SPECIES": "NA",
			"LIFECYCLE": "LA",
			"DISEASES": 1,
			"TYPE": "Bounding Box",
			"XTL": 1627,
			"YTL": 141,
			"XBR": 1725,
			"YBR": 217,
			"CROWDSOURSING_OPERATION_ALTERNATIVE": "Y"
		},
		{
			"ID": 123519899,
			"SPECIES": "NA",
			"LIFECYCLE": "LA",
			"DISEASES": 1,
			"TYPE": "Bounding Box",
			"XTL": 1307,
			"YTL": 305,
			"XBR": 1409,
			"YBR": 402,
			"CROWDSOURSING_OPERATION_ALTERNATIVE": "Y"
		},
		{
			"ID": 123519901,
			"SPECIES": "NA",
			"LIFECYCLE": "LA",
			"DISEASES": 1,
			"TYPE": "Bounding Box",
			"XTL": 1166,
			"YTL": 607,
			"XBR": 1236,
			"YBR": 685,
			"CROWDSOURSING_OPERATION_ALTERNATIVE": "Y"
		},
		{
			"ID": 123519902,
			"SPECIES": "NA",
			"LIFECYCLE": "LA",
			"DISEASES": 1,
			"TYPE": "Bounding Box",
			"XTL": 1581,
			"YTL": 605,
			"XBR": 1658,
			"YBR": 687,
			"CROWDSOURSING_OPERATION_ALTERNATIVE": "Y"
		},
		{
			"ID": 123519903,
			"SPECIES": "NA",
			"LIFECYCLE": "LA",
			"DISEASES": 1,
			"TYPE": "Bounding Box",
			"XTL": 930,
			"YTL": 966,
			"XBR": 1008,
			"YBR": 1051,
			"CROWDSOURSING_OPERATION_ALTERNATIVE": "Y"
		},
		{
			"ID": 123519904,
			"SPECIES": "NA",
			"LIFECYCLE": "LA",
			"DISEASES": 1,
			"TYPE": "Bounding Box",
			"XTL": 685,
			"YTL": 885,
			"XBR": 745,
			"YBR": 964,
			"CROWDSOURSING_OPERATION_ALTERNATIVE": "Y"
		},
		{
			"ID": 123519905,
			"SPECIES": "NA",
			"LIFECYCLE": "LA",
			"DISEASES": 1,
			"TYPE": "Bounding Box",
			"XTL": 241,
			"YTL": 534,
			"XBR": 321,
			"YBR": 611,
			"CROWDSOURSING_OPERATION_ALTERNATIVE": "Y"
		}
	]
}