{
	"INFO": {
		"DATASET_NAME": "[BBOX] 양봉_생애이슈(백묵병)",
		"DATASET_DETAIL": "Bounding Box",
		"VERSION": "1.0",
		"LICENSE": "",
		"CREATE_DATE_TIME": "2022-11-16 14:16:21",
		"URL": "https://www.labelon.kr"
	},
	"IMAGE": {
		"IMAGE_URL": "https://images.labelon.kr/2022/11/10/a527123e16234e8785984495d0ea8b83.jpg",
		"IMAGE_FILE_NAME": "06_1_R_AA_NA_20221109_02_0250.jpg",
		"WIDTH": 1920,
		"HEIGHT": 1080
	},
	"ANNOTATION_INFO": [
		{
			"ID": 123690148,
			"SPECIES": "NA",
			"LIFECYCLE": "LA",
			"DISEASES": 1,
			"TYPE": "Bounding Box",
			"XTL": 483,
			"YTL": 485,
			"XBR": 588,
			"YBR": 599,
			"CROWDSOURSING_OPERATION_ALTERNATIVE": "Y"
		},
		{
			"ID": 123690149,
			"SPECIES": "NA",
			"LIFECYCLE": "LA",
			"DISEASES": 1,
			"TYPE": "Bounding Box",
			"XTL": 272,
			"YTL": 835,
			"XBR": 391,
			"YBR": 936,
			"CROWDSOURSING_OPERATION_ALTERNATIVE": "Y"
		},
		{
			"ID": 123690150,
			"SPECIES": "NA",
			"LIFECYCLE": "LA",
			"DISEASES": 1,
			"TYPE": "Bounding Box",
			"XTL": 1061,
			"YTL": 862,
			"XBR": 1149,
			"YBR": 939,
			"CROWDSOURSING_OPERATION_ALTERNATIVE": "Y"
		},
		{
			"ID": 123690151,
			"SPECIES": "NA",
			"LIFECYCLE": "LA",
			"DISEASES": 1,
			"TYPE": "Bounding Box",
			"XTL": 1521,
			"YTL": 714,
			"XBR": 1626,
			"YBR": 810,
			"CROWDSOURSING_OPERATION_ALTERNATIVE": "Y"
		},
		{
			"ID": 123690152,
			"SPECIES": "NA",
			"LIFECYCLE": "LA",
			"DISEASES": 1,
			"TYPE": "Bounding Box",
			"XTL": 1774,
			"YTL": 493,
			"XBR": 1889,
			"YBR": 601,
			"CROWDSOURSING_OPERATION_ALTERNATIVE": "Y"
		},
		{
			"ID": 123690153,
			"SPECIES": "NA",
			"LIFECYCLE": "LA",
			"DISEASES": 1,
			"TYPE": "Bounding Box",
			"XTL": 1455,
			"YTL": 408,
			"XBR": 1558,
			"YBR": 489,
			"CROWDSOURSING_OPERATION_ALTERNATIVE": "Y"
		},
		{
			"ID": 123690154,
			"SPECIES": "NA",
			"LIFECYCLE": "LA",
			"DISEASES": 1,
			"TYPE": "Bounding Box",
			"XTL": 1508,
			"YTL": 281,
			"XBR": 1626,
			"YBR": 379,
			"CROWDSOURSING_OPERATION_ALTERNATIVE": "Y"
		},
		{
			"ID": 123690155,
			"SPECIES": "NA",
			"LIFECYCLE": "LA",
			"DISEASES": 1,
			"TYPE": "Bounding Box",
			"XTL": 1188,
			"YTL": 410,
			"XBR": 1297,
			"YBR": 494,
			"CROWDSOURSING_OPERATION_ALTERNATIVE": "Y"
		},
		{
			"ID": 123690156,
			"SPECIES": "NA",
			"LIFECYCLE": "LA",
			"DISEASES": 1,
			"TYPE": "Bounding Box",
			"XTL": 1056,
			"YTL": 170,
			"XBR": 1150,
			"YBR": 278,
			"CROWDSOURSING_OPERATION_ALTERNATIVE": "Y"
		},
		{
			"ID": 123690157,
			"SPECIES": "NA",
			"LIFECYCLE": "LA",
			"DISEASES": 1,
			"TYPE": "Bounding Box",
			"XTL": 796,
			"YTL": 190,
			"XBR": 902,
			"YBR": 268,
			"CROWDSOURSING_OPERATION_ALTERNATIVE": "Y"
		}
	]
}